transaction_id;date;description;merchant_raw;merchant;amount;type;currency;account;reference;code;source_file;category
20251102_110100000_-1400.0_gastos noviembre 2025.xls;2025-11-02;COFFEE GARDEN\        SAN JOSE;COFFEE GARDEN\        SAN JOSE;COFFEE GARDEN SAN JOSE;-1400.0;expense;CRC;main_crc;110100000;CP;gastos noviembre 2025.xls;Dining
20251102_110100000_-25000.0_gastos noviembre 2025.xls;2025-11-02;SERVICENTRO CICSA\    SAN JOSE;SERVICENTRO CICSA\    SAN JOSE;SERVICENTRO CICSA SAN JOSE;-25000.0;expense;CRC;main_crc;110100000;CP;gastos noviembre 2025.xls;Transport
20251102_406431854_2000.0_gastos noviembre 2025.xls;2025-11-02;TEF DE: 959932377;TEF DE: 959932377;TEF DE:;2000.0;transfer;CRC;main_crc;406431854;TF;gastos noviembre 2025.xls;Transfers
20251102_74836_-1781.5_gastos noviembre 2025.xls;2025-11-02;SEGURO BELD121489;SEGURO BELD121489;SEGURO BELD121489;-1781.5;expense;CRC;main_crc;74836;TF;gastos noviembre 2025.xls;Insurance
20251103_110200000_-1400.0_gastos noviembre 2025.xls;2025-11-03;AUTO MERCADO SANTO DOMHEREDIA;AUTO MERCADO SANTO DOMHEREDIA;AUTO MERCADO SANTO DOMHEREDIA;-1400.0;expense;CRC;main_crc;110200000;CP;gastos noviembre 2025.xls;Groceries
20251103_110200000_-3100.0_gastos noviembre 2025.xls;2025-11-03;CASTILLO COUNTRY CLUB\SAN RAFA;CASTILLO COUNTRY CLUB\SAN RAFA;CASTILLO COUNTRY CLUB SAN RAFA;-3100.0;expense;CRC;main_crc;110200000;CP;gastos noviembre 2025.xls;Fitness
20251103_110200000_-6295.0_gastos noviembre 2025.xls;2025-11-03;AUTO MERCADO SANTO DOMHEREDIA;AUTO MERCADO SANTO DOMHEREDIA;AUTO MERCADO SANTO DOMHEREDIA;-6295.0;expense;CRC;main_crc;110200000;CP;gastos noviembre 2025.xls;Groceries
20251104_110300000_-700.0_gastos noviembre 2025.xls;2025-11-04;MUNDOVENDING NAYAX   \HEREDIA;MUNDOVENDING NAYAX   \HEREDIA;MUNDOVENDING NAYAX HEREDIA;-700.0;expense;CRC;main_crc;110300000;CP;gastos noviembre 2025.xls;Dining
20251105_110400000_-700.0_gastos noviembre 2025.xls;2025-11-05;MUNDOVENDING NAYAX   \HEREDIA;MUNDOVENDING NAYAX   \HEREDIA;MUNDOVENDING NAYAX HEREDIA;-700.0;expense;CRC;main_crc;110400000;CP;gastos noviembre 2025.xls;Dining
20251105_406417499_15000.0_gastos noviembre 2025.xls;2025-11-05;TEF DE: 959932377;TEF DE: 959932377;TEF DE:;15000.0;transfer;CRC;main_crc;406417499;TF;gastos noviembre 2025.xls;Transfers
20251106_406432690_3000.0_gastos noviembre 2025.xls;2025-11-06;TEF DE: 959932377;TEF DE: 959932377;TEF DE:;3000.0;transfer;CRC;main_crc;406432690;TF;gastos noviembre 2025.xls;Transfers
20251106_406444210_5500.0_gastos noviembre 2025.xls;2025-11-06;TEF DE: 959932377;TEF DE: 959932377;TEF DE:;5500.0;transfer;CRC;main_crc;406444210;TF;gastos noviembre 2025.xls;Transfers
20251107_406475749_20000.0_gastos noviembre 2025.xls;2025-11-07;TEF DE: 958938953;TEF DE: 958938953;TEF DE:;20000.0;transfer;CRC;main_crc;406475749;TF;gastos noviembre 2025.xls;Transfers
20251108_110700000_-2325.0_gastos noviembre 2025.xls;2025-11-08;PASTELERIA SANTO DOMINHEREDIA;PASTELERIA SANTO DOMINHEREDIA;PASTELERIA SANTO DOMINHEREDIA;-2325.0;expense;CRC;main_crc;110700000;CP;gastos noviembre 2025.xls;Dining
20251108_110700000_-2500.0_gastos noviembre 2025.xls;2025-11-08;MUNDO COSMETICO PROFESSAN JOSE;MUNDO COSMETICO PROFESSAN JOSE;MUNDO COSMETICO PROFESSAN JOSE;-2500.0;expense;CRC;main_crc;110700000;CP;gastos noviembre 2025.xls;Personal Care
20251108_110700000_-9010.0_gastos noviembre 2025.xls;2025-11-08;AUTO MERCADO SANTO DOMHEREDIA;AUTO MERCADO SANTO DOMHEREDIA;AUTO MERCADO SANTO DOMHEREDIA;-9010.0;expense;CRC;main_crc;110700000;CP;gastos noviembre 2025.xls;Groceries
20251109_110700248_-10000.0_gastos noviembre 2025.xls;2025-11-09;GASOLINERA LOS REYES;GASOLINERA LOS REYES;GASOLINERA LOS REYES;-10000.0;expense;CRC;main_crc;110700248;CP;gastos noviembre 2025.xls;Transport
20251109_110800000_-3200.0_gastos noviembre 2025.xls;2025-11-09;SUPER MEGA MAS Y MAS\ HEREDIA;SUPER MEGA MAS Y MAS\ HEREDIA;SUPER MEGA MAS Y MAS HEREDIA;-3200.0;expense;CRC;main_crc;110800000;CP;gastos noviembre 2025.xls;Groceries
20251109_110800000_-9480.0_gastos noviembre 2025.xls;2025-11-09;DLC*ARCOS DORADOS\    SAN JOSE;DLC*ARCOS DORADOS\    SAN JOSE;DLC*ARCOS DORADOS SAN JOSE;-9480.0;expense;CRC;main_crc;110800000;CP;gastos noviembre 2025.xls;Dining
20251109_406489630_2000.0_gastos noviembre 2025.xls;2025-11-09;TEF DE: 958938953;TEF DE: 958938953;TEF DE:;2000.0;transfer;CRC;main_crc;406489630;TF;gastos noviembre 2025.xls;Transfers
20251109_966548399_1700.0_gastos noviembre 2025.xls;2025-11-09;SINPE_Móvil_Empanada_Uber_eats;SINPE_Móvil_Empanada_Uber_eats;SINPE_MÓVIL_EMPANADA_UBER_EATS;1700.0;income;CRC;main_crc;966548399;TF;gastos noviembre 2025.xls;Transport
20251110_406442694_7500.0_gastos noviembre 2025.xls;2025-11-10;TEF DE: 958938953;TEF DE: 958938953;TEF DE:;7500.0;transfer;CRC;main_crc;406442694;TF;gastos noviembre 2025.xls;Transfers
20251110_406470980_10000.0_gastos noviembre 2025.xls;2025-11-10;TEF DE: 958938953;TEF DE: 958938953;TEF DE:;10000.0;transfer;CRC;main_crc;406470980;TF;gastos noviembre 2025.xls;Transfers
20251111_111000000_-3850.0_gastos noviembre 2025.xls;2025-11-11;ECOMMERCE STARBUCKS COESCAZU;ECOMMERCE STARBUCKS COESCAZU;ECOMMERCE STARBUCKS COESCAZU;-3850.0;expense;CRC;main_crc;111000000;CP;gastos noviembre 2025.xls;Dining
20251111_406427195_1000.0_gastos noviembre 2025.xls;2025-11-11;TEF DE: 959932377;TEF DE: 959932377;TEF DE:;1000.0;transfer;CRC;main_crc;406427195;TF;gastos noviembre 2025.xls;Transfers
20251111_960496631_16000.0_gastos noviembre 2025.xls;2025-11-11;CD SINPE CAJA SEGURO SOCIAL;CD SINPE CAJA SEGURO SOCIAL;CD SINPE CAJA SEGURO SOCIAL;16000.0;income;CRC;main_crc;960496631;MC;gastos noviembre 2025.xls;Insurance
20251112_111100000_-4000.0_gastos noviembre 2025.xls;2025-11-12;MINISUPER VISTA LOS SUPUNTAREN;MINISUPER VISTA LOS SUPUNTAREN;MINISUPER VISTA LOS SUPUNTAREN;-4000.0;expense;CRC;main_crc;111100000;CP;gastos noviembre 2025.xls;Groceries
20251112_111100000_-700.0_gastos noviembre 2025.xls;2025-11-12;MUNDOVENDING NAYAX   \HEREDIA;MUNDOVENDING NAYAX   \HEREDIA;MUNDOVENDING NAYAX HEREDIA;-700.0;expense;CRC;main_crc;111100000;CP;gastos noviembre 2025.xls;Dining
20251112_111100000_-820.0_gastos noviembre 2025.xls;2025-11-12;GLOBAL VIA RUTA 27\   SAN JOSE;GLOBAL VIA RUTA 27\   SAN JOSE;GLOBAL VIA RUTA 27 SAN JOSE;-820.0;expense;CRC;main_crc;111100000;CP;gastos noviembre 2025.xls;Transport
20251112_958486622_-1700.0_gastos noviembre 2025.xls;2025-11-12;SINPE MOVIL Sin_Descripcion;SINPE MOVIL Sin_Descripcion;SINPE MOVIL SIN_DESCRIPCION;-1700.0;transfer;CRC;main_crc;958486622;TS;gastos noviembre 2025.xls;Transfers
20251113_111200000_-10000.0_gastos noviembre 2025.xls;2025-11-13;ESTACION DE SERVICIO TSAN JOSE;ESTACION DE SERVICIO TSAN JOSE;ESTACION DE SERVICIO TSAN JOSE;-10000.0;expense;CRC;main_crc;111200000;CP;gastos noviembre 2025.xls;Transport
20251113_111200000_-1150.0_gastos noviembre 2025.xls;2025-11-13;SUPER MEGA MAS Y MAS\ HEREDIA;SUPER MEGA MAS Y MAS\ HEREDIA;SUPER MEGA MAS Y MAS HEREDIA;-1150.0;expense;CRC;main_crc;111200000;CP;gastos noviembre 2025.xls;Groceries
20251113_111200000_-7590.0_gastos noviembre 2025.xls;2025-11-13;MXM STO DOMING OCN00PVHEREDIA;MXM STO DOMING OCN00PVHEREDIA;MXM STO DOMING OCN00PVHEREDIA;-7590.0;expense;CRC;main_crc;111200000;CP;gastos noviembre 2025.xls;Groceries
20251113_966427602_7000.0_gastos noviembre 2025.xls;2025-11-13;SINPE_Móvil_Mascarillas_de_Ann;SINPE_Móvil_Mascarillas_de_Ann;SINPE_MÓVIL_MASCARILLAS_DE_ANN;7000.0;income;CRC;main_crc;966427602;TF;gastos noviembre 2025.xls;Personal Care
20251113_966521902_3500.0_gastos noviembre 2025.xls;2025-11-13;SINPE_Móvil_Sin_Descripcion;SINPE_Móvil_Sin_Descripcion;SINPE_MÓVIL_SIN_DESCRIPCION;3500.0;transfer;CRC;main_crc;966521902;TF;gastos noviembre 2025.xls;Transfers
20251114_111300000_-2000.0_gastos noviembre 2025.xls;2025-11-14;ISLA DEL COCO\        SAN JOSE;ISLA DEL COCO\        SAN JOSE;ISLA DEL COCO SAN JOSE;-2000.0;expense;CRC;main_crc;111300000;CP;gastos noviembre 2025.xls;Other
20251115_406466231_7000.0_gastos noviembre 2025.xls;2025-11-15;TEF DE: 959932377;TEF DE: 959932377;TEF DE:;7000.0;transfer;CRC;main_crc;406466231;TF;gastos noviembre 2025.xls;Transfers
20251115_966555821_-10000.0_gastos noviembre 2025.xls;2025-11-15;SINPE MOVIL Gasolina_______;SINPE MOVIL Gasolina_______;SINPE MOVIL GASOLINA_______;-10000.0;expense;CRC;main_crc;966555821;TF;gastos noviembre 2025.xls;Transport
20251116_111500000_-1500.0_gastos noviembre 2025.xls;2025-11-16;LEBLON COFFE SHOP\    SAN JOSE;LEBLON COFFE SHOP\    SAN JOSE;LEBLON COFFE SHOP SAN JOSE;-1500.0;expense;CRC;main_crc;111500000;CP;gastos noviembre 2025.xls;Dining
20251116_111500000_-1700.0_gastos noviembre 2025.xls;2025-11-16;LEBLON COFFE SHOP\    SAN JOSE;LEBLON COFFE SHOP\    SAN JOSE;LEBLON COFFE SHOP SAN JOSE;-1700.0;expense;CRC;main_crc;111500000;CP;gastos noviembre 2025.xls;Dining
20251116_111500000_-2400.0_gastos noviembre 2025.xls;2025-11-16;SUPER MEGA MAS Y MAS\ HEREDIA;SUPER MEGA MAS Y MAS\ HEREDIA;SUPER MEGA MAS Y MAS HEREDIA;-2400.0;expense;CRC;main_crc;111500000;CP;gastos noviembre 2025.xls;Groceries
20251116_111500000_-4100.0_gastos noviembre 2025.xls;2025-11-16;COCINA MAMA\          CARMEN;COCINA MAMA\          CARMEN;COCINA MAMA CARMEN;-4100.0;expense;CRC;main_crc;111500000;CP;gastos noviembre 2025.xls;Dining
20251116_111500000_-700.0_gastos noviembre 2025.xls;2025-11-16;SUPER MEGA MAS Y MAS\ HEREDIA;SUPER MEGA MAS Y MAS\ HEREDIA;SUPER MEGA MAS Y MAS HEREDIA;-700.0;expense;CRC;main_crc;111500000;CP;gastos noviembre 2025.xls;Groceries
20251116_406438698_8000.0_gastos noviembre 2025.xls;2025-11-16;TEF DE: 959932377;TEF DE: 959932377;TEF DE:;8000.0;transfer;CRC;main_crc;406438698;TF;gastos noviembre 2025.xls;Transfers
20251116_958484363_-1500.0_gastos noviembre 2025.xls;2025-11-16;SINPE MOVIL Gorrito_navidad;SINPE MOVIL Gorrito_navidad;SINPE MOVIL GORRITO_NAVIDAD;-1500.0;expense;CRC;main_crc;958484363;TS;gastos noviembre 2025.xls;Shopping
20251117_406456210_14000.0_gastos noviembre 2025.xls;2025-11-17;TEF DE: 959932377;TEF DE: 959932377;TEF DE:;14000.0;transfer;CRC;main_crc;406456210;TF;gastos noviembre 2025.xls;Transfers
20251118_111700000_-3900.0_gastos noviembre 2025.xls;2025-11-18;PAN Y CAF. GRANIER CALAN JOSE;PAN Y CAF. GRANIER CALAN JOSE;PAN Y CAF. GRANIER CALAN JOSE;-3900.0;expense;CRC;main_crc;111700000;CP;gastos noviembre 2025.xls;Dining
20251118_111700000_-7480.0_gastos noviembre 2025.xls;2025-11-18;DLC*ARCOS DORADOS\    SAN JOSE;DLC*ARCOS DORADOS\    SAN JOSE;DLC*ARCOS DORADOS SAN JOSE;-7480.0;expense;CRC;main_crc;111700000;CP;gastos noviembre 2025.xls;Dining
20251119_111800000_-3135.0_gastos noviembre 2025.xls;2025-11-19;SUPER MEGA MAS Y MAS\ HEREDIA;SUPER MEGA MAS Y MAS\ HEREDIA;SUPER MEGA MAS Y MAS HEREDIA;-3135.0;expense;CRC;main_crc;111800000;CP;gastos noviembre 2025.xls;Groceries
20251120_111900000_-10850.0_gastos noviembre 2025.xls;2025-11-20;MACROBIOTICA MI SALUD SANTO DO;MACROBIOTICA MI SALUD SANTO DO;MACROBIOTICA MI SALUD SANTO DO;-10850.0;expense;CRC;main_crc;111900000;CP;gastos noviembre 2025.xls;Health
20251120_406489801_5000.0_gastos noviembre 2025.xls;2025-11-20;TEF DE: 959932377;TEF DE: 959932377;TEF DE:;5000.0;transfer;CRC;main_crc;406489801;TF;gastos noviembre 2025.xls;Transfers
20251121_406401952_12000.0_gastos noviembre 2025.xls;2025-11-21;TEF DE: 959932377;TEF DE: 959932377;TEF DE:;12000.0;transfer;CRC;main_crc;406401952;TF;gastos noviembre 2025.xls;Transfers
20251122_406452203_5000.0_gastos noviembre 2025.xls;2025-11-22;TEF DE: 959932377;TEF DE: 959932377;TEF DE:;5000.0;transfer;CRC;main_crc;406452203;TF;gastos noviembre 2025.xls;Transfers
20251122_406484224_10000.0_gastos noviembre 2025.xls;2025-11-22;TEF DE: 959932377;TEF DE: 959932377;TEF DE:;10000.0;transfer;CRC;main_crc;406484224;TF;gastos noviembre 2025.xls;Transfers
20251123_112200000_-1400.0_gastos noviembre 2025.xls;2025-11-23;COFFEE GARDEN\        SAN JOSE;COFFEE GARDEN\        SAN JOSE;COFFEE GARDEN SAN JOSE;-1400.0;expense;CRC;main_crc;112200000;CP;gastos noviembre 2025.xls;Dining
20251123_112200000_-6300.0_gastos noviembre 2025.xls;2025-11-23;AM PM LAGUNILLA\      HEREDIA;AM PM LAGUNILLA\      HEREDIA;AM PM LAGUNILLA HEREDIA;-6300.0;expense;CRC;main_crc;112200000;CP;gastos noviembre 2025.xls;Groceries
20251124_112300000_-12685.0_gastos noviembre 2025.xls;2025-11-24;BAR Y RESTAURANTE TK CSANTO DO;BAR Y RESTAURANTE TK CSANTO DO;BAR Y RESTAURANTE TK CSANTO DO;-12685.0;expense;CRC;main_crc;112300000;CP;gastos noviembre 2025.xls;Dining
20251124_966471171_-2450.0_gastos noviembre 2025.xls;2025-11-24;SINPE MOVIL Didi___________;SINPE MOVIL Didi___________;SINPE MOVIL DIDI___________;-2450.0;expense;CRC;main_crc;966471171;TF;gastos noviembre 2025.xls;Transport
20251125_112400000_-10900.0_gastos noviembre 2025.xls;2025-11-25;WALMART HEREDIA ESTE\ HEREDIA;WALMART HEREDIA ESTE\ HEREDIA;WALMART HEREDIA ESTE HEREDIA;-10900.0;expense;CRC;main_crc;112400000;CP;gastos noviembre 2025.xls;Groceries
20251125_112400000_-6950.0_gastos noviembre 2025.xls;2025-11-25;RESTAURANTE COSI PASEOHEREDIA;RESTAURANTE COSI PASEOHEREDIA;RESTAURANTE COSI PASEOHEREDIA;-6950.0;expense;CRC;main_crc;112400000;CP;gastos noviembre 2025.xls;Dining
20251126_112500000_-700.0_gastos noviembre 2025.xls;2025-11-26;MUNDOVENDING NAYAX   \HEREDIA;MUNDOVENDING NAYAX   \HEREDIA;MUNDOVENDING NAYAX HEREDIA;-700.0;expense;CRC;main_crc;112500000;CP;gastos noviembre 2025.xls;Dining
20251126_406410499_15000.0_gastos noviembre 2025.xls;2025-11-26;TEF DE: 959932377;TEF DE: 959932377;TEF DE:;15000.0;transfer;CRC;main_crc;406410499;TF;gastos noviembre 2025.xls;Transfers
20251128_406419464_11000.0_gastos noviembre 2025.xls;2025-11-28;TEF DE: 959932377;TEF DE: 959932377;TEF DE:;11000.0;transfer;CRC;main_crc;406419464;TF;gastos noviembre 2025.xls;Transfers
20251128_966411539_11000.0_gastos noviembre 2025.xls;2025-11-28;SINPE_Móvil_Sin_Descripcion;SINPE_Móvil_Sin_Descripcion;SINPE_MÓVIL_SIN_DESCRIPCION;11000.0;transfer;CRC;main_crc;966411539;TF;gastos noviembre 2025.xls;Transfers
20251128_966414766_-9500.0_gastos noviembre 2025.xls;2025-11-28;SINPE MOVIL Ts_____________;SINPE MOVIL Ts_____________;SINPE MOVIL TS_____________;-9500.0;expense;CRC;main_crc;966414766;TF;gastos noviembre 2025.xls;Other
20251129_112800000_-10700.0_gastos noviembre 2025.xls;2025-11-29;AUTO MERCADO SANTO DOMHEREDIA;AUTO MERCADO SANTO DOMHEREDIA;AUTO MERCADO SANTO DOMHEREDIA;-10700.0;expense;CRC;main_crc;112800000;CP;gastos noviembre 2025.xls;Groceries
20251129_112800000_-445.0_gastos noviembre 2025.xls;2025-11-29;SINPE TP\             SAN JOSE;SINPE TP\             SAN JOSE;SINPE TP SAN JOSE;-445.0;expense;CRC;main_crc;112800000;CP;gastos noviembre 2025.xls;Transport
20251130_112900000_-11869.94_gastos noviembre 2025.xls;2025-11-30;FARMAVALUE HEREDIA, SAHEREDIA;FARMAVALUE HEREDIA, SAHEREDIA;FARMAVALUE HEREDIA, SAHEREDIA;-11869.94;expense;CRC;main_crc;112900000;CP;gastos noviembre 2025.xls;Health
20251130_406487232_3000.0_gastos noviembre 2025.xls;2025-11-30;TEF DE: 959932377;TEF DE: 959932377;TEF DE:;3000.0;transfer;CRC;main_crc;406487232;TF;gastos noviembre 2025.xls;Transfers
20251201_23933_-1750.0_gastos diciembre 2025.xls;2025-12-01;SEGURO BELD121489;SEGURO BELD121489;SEGURO BELD121489;-1750.0;expense;CRC;main_crc;23933;TF;gastos diciembre 2025.xls;Insurance
20251202_406473631_3000.0_gastos diciembre 2025.xls;2025-12-02;TEF DE: 959932377;TEF DE: 959932377;TEF DE:;3000.0;transfer;CRC;main_crc;406473631;TF;gastos diciembre 2025.xls;Transfers
20251203_120200000_-3885.0_gastos diciembre 2025.xls;2025-12-03;AMPM BANCO CENTRAL\   SAN JOSE;AMPM BANCO CENTRAL\   SAN JOSE;AMPM BANCO CENTRAL SAN JOSE;-3885.0;expense;CRC;main_crc;120200000;CP;gastos diciembre 2025.xls;Groceries
20251203_120200000_-800.0_gastos diciembre 2025.xls;2025-12-03;MUSI BOULEVARD\       SAN JOSE;MUSI BOULEVARD\       SAN JOSE;MUSI BOULEVARD SAN JOSE;-800.0;expense;CRC;main_crc;120200000;CP;gastos diciembre 2025.xls;Entertainment
20251203_406436726_7000.0_gastos diciembre 2025.xls;2025-12-03;TEF DE: 959932377;TEF DE: 959932377;TEF DE:;7000.0;transfer;CRC;main_crc;406436726;TF;gastos diciembre 2025.xls;Transfers
20251203_958479215_-3700.0_gastos diciembre 2025.xls;2025-12-03;SINPE MOVIL Copias_________;SINPE MOVIL Copias_________;SINPE MOVIL COPIAS_________;-3700.0;expense;CRC;main_crc;958479215;TS;gastos diciembre 2025.xls;Education
20251204_120300000_-4507.0_gastos diciembre 2025.xls;2025-12-04;SERVICENTRO TOUR     \GOICOECH;SERVICENTRO TOUR     \GOICOECH;SERVICENTRO TOUR GOICOECH;-4507.0;expense;CRC;main_crc;120300000;CP;gastos diciembre 2025.xls;Transport
20251204_406417649_91000.0_gastos diciembre 2025.xls;2025-12-04;TEF DE: 960893097;TEF DE: 960893097;TEF DE:;91000.0;transfer;CRC;main_crc;406417649;TF;gastos diciembre 2025.xls;Transfers
20251205_406454277_30000.0_gastos diciembre 2025.xls;2025-12-05;TEF DE: 959932377;TEF DE: 959932377;TEF DE:;30000.0;transfer;CRC;main_crc;406454277;TF;gastos diciembre 2025.xls;Transfers
20251206_120500248_-91200.0_gastos diciembre 2025.xls;2025-12-06;E-TICKET E-COMMERCE;E-TICKET E-COMMERCE;E-TICKET E-COMMERCE;-91200.0;expense;CRC;main_crc;120500248;CP;gastos diciembre 2025.xls;Entertainment
20251206_406441629_15000.0_gastos diciembre 2025.xls;2025-12-06;TEF DE: 959932377;TEF DE: 959932377;TEF DE:;15000.0;transfer;CRC;main_crc;406441629;TF;gastos diciembre 2025.xls;Transfers
20251206_406441872_-20000.0_gastos diciembre 2025.xls;2025-12-06;TEF A : 935430926;TEF A : 935430926;TEF A :;-20000.0;transfer;CRC;main_crc;406441872;TF;gastos diciembre 2025.xls;Transfers
20251206_958494806_-3000.0_gastos diciembre 2025.xls;2025-12-06;SINPE MOVIL Concierto______;SINPE MOVIL Concierto______;SINPE MOVIL CONCIERTO______;-3000.0;expense;CRC;main_crc;958494806;TS;gastos diciembre 2025.xls;Entertainment
20251207_120600000_-250.0_gastos diciembre 2025.xls;2025-12-07;SUPER MEGA MAS Y MAS\ HEREDIA;SUPER MEGA MAS Y MAS\ HEREDIA;SUPER MEGA MAS Y MAS HEREDIA;-250.0;expense;CRC;main_crc;120600000;CP;gastos diciembre 2025.xls;Groceries
20251207_120600000_-25000.0_gastos diciembre 2025.xls;2025-12-07;AE VIRTUAL CLASS 5\   PANAMA;AE VIRTUAL CLASS 5\   PANAMA;AE VIRTUAL CLASS 5 PANAMA;-25000.0;expense;CRC;main_crc;120600000;CP;gastos diciembre 2025.xls;Education
20251208_406473250_13000.0_gastos diciembre 2025.xls;2025-12-08;TEF DE: 959932377;TEF DE: 959932377;TEF DE:;13000.0;transfer;CRC;main_crc;406473250;TF;gastos diciembre 2025.xls;Transfers
20251208_406477014_18700.0_gastos diciembre 2025.xls;2025-12-08;TEF DE: 959932377;TEF DE: 959932377;TEF DE:;18700.0;transfer;CRC;main_crc;406477014;TF;gastos diciembre 2025.xls;Transfers
20251208_406487082_23000.0_gastos diciembre 2025.xls;2025-12-08;TEF DE: 959932377;TEF DE: 959932377;TEF DE:;23000.0;transfer;CRC;main_crc;406487082;TF;gastos diciembre 2025.xls;Transfers
20251210_406424747_6000.0_gastos diciembre 2025.xls;2025-12-10;TEF DE: 959932377;TEF DE: 959932377;TEF DE:;6000.0;transfer;CRC;main_crc;406424747;TF;gastos diciembre 2025.xls;Transfers
20251211_121000000_-12150.0_gastos diciembre 2025.xls;2025-12-11;SUPER SALON ARTILLERIASAN JOSE;SUPER SALON ARTILLERIASAN JOSE;SUPER SALON ARTILLERIASAN JOSE;-12150.0;expense;CRC;main_crc;121000000;CP;gastos diciembre 2025.xls;Groceries
20251211_121000000_-18700.0_gastos diciembre 2025.xls;2025-12-11;SUPER SALON LA GLORIA\SAN JOSE;SUPER SALON LA GLORIA\SAN JOSE;SUPER SALON LA GLORIA SAN JOSE;-18700.0;expense;CRC;main_crc;121000000;CP;gastos diciembre 2025.xls;Groceries
20251211_121000000_-23000.0_gastos diciembre 2025.xls;2025-12-11;MACROBIOTICA MI SALUD SANTO DO;MACROBIOTICA MI SALUD SANTO DO;MACROBIOTICA MI SALUD SANTO DO;-23000.0;expense;CRC;main_crc;121000000;CP;gastos diciembre 2025.xls;Health
20251212_121100000_-6000.0_gastos diciembre 2025.xls;2025-12-12;CEVICHES DE LA ESQUIN\SAN JOSE;CEVICHES DE LA ESQUIN\SAN JOSE;CEVICHES DE LA ESQUIN SAN JOSE;-6000.0;expense;CRC;main_crc;121100000;CP;gastos diciembre 2025.xls;Dining
20251212_406460021_15000.0_gastos diciembre 2025.xls;2025-12-12;TEF DE: 959932377;TEF DE: 959932377;TEF DE:;15000.0;transfer;CRC;main_crc;406460021;TF;gastos diciembre 2025.xls;Transfers
20251212_966549323_10000.0_gastos diciembre 2025.xls;2025-12-12;SINPE_Móvil_Gas____________;SINPE_Móvil_Gas____________;SINPE_MÓVIL_GAS____________;10000.0;income;CRC;main_crc;966549323;TF;gastos diciembre 2025.xls;Transport
20251213_966452615_5000.0_gastos diciembre 2025.xls;2025-12-13;SINPE_Móvil_Gas_y_parqueo__;SINPE_Móvil_Gas_y_parqueo__;SINPE_MÓVIL_GAS_Y_PARQUEO__;5000.0;income;CRC;main_crc;966452615;TF;gastos diciembre 2025.xls;Transport
20251213_966561228_11250.0_gastos diciembre 2025.xls;2025-12-13;SINPE_Móvil_Sin_Descripcion;SINPE_Móvil_Sin_Descripcion;SINPE_MÓVIL_SIN_DESCRIPCION;11250.0;transfer;CRC;main_crc;966561228;TF;gastos diciembre 2025.xls;Transfers
20251213_970859649_7500.0_gastos diciembre 2025.xls;2025-12-13;SINPE MOVIL gas_;SINPE MOVIL gas_;SINPE MOVIL GAS_;7500.0;income;CRC;main_crc;970859649;TS;gastos diciembre 2025.xls;Transport
20251214_121300000_-20000.0_gastos diciembre 2025.xls;2025-12-14;SERVICENTRO RUTA 20  \SANTO DO;SERVICENTRO RUTA 20  \SANTO DO;SERVICENTRO RUTA 20 SANTO DO;-20000.0;expense;CRC;main_crc;121300000;CP;gastos diciembre 2025.xls;Transport
20251215_121300167_-7262.11_gastos diciembre 2025.xls;2025-12-15;MEDISMART CA 50 CLI539511;MEDISMART CA 50 CLI539511;MEDISMART CA 50 CLI539511;-7262.11;expense;CRC;main_crc;121300167;CP;gastos diciembre 2025.xls;Health
20251215_121400000_-6923.0_gastos diciembre 2025.xls;2025-12-15;REST OASIS EL CRUCE  \OSA;REST OASIS EL CRUCE  \OSA;REST OASIS EL CRUCE OSA;-6923.0;expense;CRC;main_crc;121400000;CP;gastos diciembre 2025.xls;Dining
20251215_121400248_-2125.0_gastos diciembre 2025.xls;2025-12-15;RESTAURANTE SEQUEIRA N1;RESTAURANTE SEQUEIRA N1;RESTAURANTE SEQUEIRA N1;-2125.0;expense;CRC;main_crc;121400248;CP;gastos diciembre 2025.xls;Dining
20251215_121400248_-2500.0_gastos diciembre 2025.xls;2025-12-15;RESTAURANTE SEQUEIRA N1;RESTAURANTE SEQUEIRA N1;RESTAURANTE SEQUEIRA N1;-2500.0;expense;CRC;main_crc;121400248;CP;gastos diciembre 2025.xls;Dining
20251215_966486301_53000.0_gastos diciembre 2025.xls;2025-12-15;SINPE_Móvil_Sin_Descripcion;SINPE_Móvil_Sin_Descripcion;SINPE_MÓVIL_SIN_DESCRIPCION;53000.0;transfer;CRC;main_crc;966486301;TF;gastos diciembre 2025.xls;Transfers
20251216_121500000_-820.0_gastos diciembre 2025.xls;2025-12-16;GLOBAL VIA RUTA 27\   SAN JOSE;GLOBAL VIA RUTA 27\   SAN JOSE;GLOBAL VIA RUTA 27 SAN JOSE;-820.0;expense;CRC;main_crc;121500000;CP;gastos diciembre 2025.xls;Transport
20251216_951573990_13000.0_gastos diciembre 2025.xls;2025-12-16;SINPE_Móvil_Cine_estradas__;SINPE_Móvil_Cine_estradas__;SINPE_MÓVIL_CINE_ESTRADAS__;13000.0;income;CRC;main_crc;951573990;TF;gastos diciembre 2025.xls;Entertainment
20251216_966557693_-6500.0_gastos diciembre 2025.xls;2025-12-16;SINPE MOVIL Regalo_pablo___;SINPE MOVIL Regalo_pablo___;SINPE MOVIL REGALO_PABLO___;-6500.0;expense;CRC;main_crc;966557693;TF;gastos diciembre 2025.xls;Gifts
20251217_406439573_15000.0_gastos diciembre 2025.xls;2025-12-17;TEF DE: 959932377;TEF DE: 959932377;TEF DE:;15000.0;transfer;CRC;main_crc;406439573;TF;gastos diciembre 2025.xls;Transfers
20251218_121700000_-27050.0_gastos diciembre 2025.xls;2025-12-18;JACKETS MASTER       \MONTES D;JACKETS MASTER       \MONTES D;JACKETS MASTER MONTES D;-27050.0;expense;CRC;main_crc;121700000;CP;gastos diciembre 2025.xls;Shopping
20251218_121700248_-27400.0_gastos diciembre 2025.xls;2025-12-18;NOVA                        EC;NOVA                        EC;NOVA EC;-27400.0;expense;CRC;main_crc;121700248;CP;gastos diciembre 2025.xls;Other
20251218_406494041_3000.0_gastos diciembre 2025.xls;2025-12-18;TEF DE: 959932377;TEF DE: 959932377;TEF DE:;3000.0;transfer;CRC;main_crc;406494041;TF;gastos diciembre 2025.xls;Transfers
20251219_121800000_-2215.5_gastos diciembre 2025.xls;2025-12-19;FARMACIA LA BOMBA SO DHEREDIA;FARMACIA LA BOMBA SO DHEREDIA;FARMACIA LA BOMBA SO DHEREDIA;-2215.5;expense;CRC;main_crc;121800000;CP;gastos diciembre 2025.xls;Health
20251219_406458761_25000.0_gastos diciembre 2025.xls;2025-12-19;TEF DE: 959932377;TEF DE: 959932377;TEF DE:;25000.0;transfer;CRC;main_crc;406458761;TF;gastos diciembre 2025.xls;Transfers
20251219_406466971_-30000.0_gastos diciembre 2025.xls;2025-12-19;TEF A : 959932377;TEF A : 959932377;TEF A :;-30000.0;transfer;CRC;main_crc;406466971;TF;gastos diciembre 2025.xls;Transfers
20251219_406485049_5000.0_gastos diciembre 2025.xls;2025-12-19;TEF DE: 959932377;TEF DE: 959932377;TEF DE:;5000.0;transfer;CRC;main_crc;406485049;TF;gastos diciembre 2025.xls;Transfers
20251219_406497712_45000.0_gastos diciembre 2025.xls;2025-12-19;TEF DE: 959932377;TEF DE: 959932377;TEF DE:;45000.0;transfer;CRC;main_crc;406497712;TF;gastos diciembre 2025.xls;Transfers
20251219_966480047_25000.0_gastos diciembre 2025.xls;2025-12-19;SINPE_Móvil_Sin_Descripcion;SINPE_Móvil_Sin_Descripcion;SINPE_MÓVIL_SIN_DESCRIPCION;25000.0;transfer;CRC;main_crc;966480047;TF;gastos diciembre 2025.xls;Transfers
20251220_121900000_-11760.0_gastos diciembre 2025.xls;2025-12-20;FARMACIA LA BOMBA SANTHEREDIA;FARMACIA LA BOMBA SANTHEREDIA;FARMACIA LA BOMBA SANTHEREDIA;-11760.0;expense;CRC;main_crc;121900000;CP;gastos diciembre 2025.xls;Health
20251220_121900000_-13900.0_gastos diciembre 2025.xls;2025-12-20;LIBRERIA INTERNACIONALSAN JOSE;LIBRERIA INTERNACIONALSAN JOSE;LIBRERIA INTERNACIONALSAN JOSE;-13900.0;expense;CRC;main_crc;121900000;CP;gastos diciembre 2025.xls;Education
20251220_121900000_-2360.0_gastos diciembre 2025.xls;2025-12-20;COCINA MAMA\          CARMEN;COCINA MAMA\          CARMEN;COCINA MAMA CARMEN;-2360.0;expense;CRC;main_crc;121900000;CP;gastos diciembre 2025.xls;Dining
20251220_406420780_8500.0_gastos diciembre 2025.xls;2025-12-20;TEF DE: 959932377;TEF DE: 959932377;TEF DE:;8500.0;transfer;CRC;main_crc;406420780;TF;gastos diciembre 2025.xls;Transfers
20251220_406449890_15000.0_gastos diciembre 2025.xls;2025-12-20;TEF DE: 959932377;TEF DE: 959932377;TEF DE:;15000.0;transfer;CRC;main_crc;406449890;TF;gastos diciembre 2025.xls;Transfers
20251220_958470659_-2800.0_gastos diciembre 2025.xls;2025-12-20;SINPE MOVIL Baldazo________;SINPE MOVIL Baldazo________;SINPE MOVIL BALDAZO________;-2800.0;expense;CRC;main_crc;958470659;TS;gastos diciembre 2025.xls;Other
20251221_122000000_-18000.0_gastos diciembre 2025.xls;2025-12-21;LIBRERIA INTERNACIONALSAN JOSE;LIBRERIA INTERNACIONALSAN JOSE;LIBRERIA INTERNACIONALSAN JOSE;-18000.0;expense;CRC;main_crc;122000000;CP;gastos diciembre 2025.xls;Education
20251222_122100000_-3050.0_gastos diciembre 2025.xls;2025-12-22;DUNKIN LINCOLN PLAZA\ MORAVIA;DUNKIN LINCOLN PLAZA\ MORAVIA;DUNKIN LINCOLN PLAZA MORAVIA;-3050.0;expense;CRC;main_crc;122100000;CP;gastos diciembre 2025.xls;Dining
20251222_122100000_-44500.0_gastos diciembre 2025.xls;2025-12-22;VERTIGO LINCOLN PLAZA\SAN JOSE;VERTIGO LINCOLN PLAZA\SAN JOSE;VERTIGO LINCOLN PLAZA SAN JOSE;-44500.0;expense;CRC;main_crc;122100000;CP;gastos diciembre 2025.xls;Entertainment
20251223_122200000_-1300.0_gastos diciembre 2025.xls;2025-12-23;CAFETIN LEYENDA PREVE\SAN JOSE;CAFETIN LEYENDA PREVE\SAN JOSE;CAFETIN LEYENDA PREVE SAN JOSE;-1300.0;expense;CRC;main_crc;122200000;CP;gastos diciembre 2025.xls;Dining
20251223_122200000_-15000.0_gastos diciembre 2025.xls;2025-12-23;UNOPETROL BARREAL\    HEREDIA;UNOPETROL BARREAL\    HEREDIA;UNOPETROL BARREAL HEREDIA;-15000.0;expense;CRC;main_crc;122200000;CP;gastos diciembre 2025.xls;Transport
20251223_122200000_-2400.0_gastos diciembre 2025.xls;2025-12-23;LOS ANTOJOS DE MI ABUESAN JOSE;LOS ANTOJOS DE MI ABUESAN JOSE;LOS ANTOJOS DE MI ABUESAN JOSE;-2400.0;expense;CRC;main_crc;122200000;CP;gastos diciembre 2025.xls;Dining
20251223_122200000_-4000.0_gastos diciembre 2025.xls;2025-12-23;AVENIDA PARQUEOS\     ESCAZU;AVENIDA PARQUEOS\     ESCAZU;AVENIDA PARQUEOS ESCAZU;-4000.0;expense;CRC;main_crc;122200000;CP;gastos diciembre 2025.xls;Transport
20251223_406444416_25000.0_gastos diciembre 2025.xls;2025-12-23;TEF DE: 959932377;TEF DE: 959932377;TEF DE:;25000.0;transfer;CRC;main_crc;406444416;TF;gastos diciembre 2025.xls;Transfers
20251223_966531216_4000.0_gastos diciembre 2025.xls;2025-12-23;SINPE_Móvil_Bandejas_______;SINPE_Móvil_Bandejas_______;SINPE_MÓVIL_BANDEJAS_______;4000.0;income;CRC;main_crc;966531216;TF;gastos diciembre 2025.xls;Shopping
20251224_406443905_10000.0_gastos diciembre 2025.xls;2025-12-24;TEF DE: 959932377;TEF DE: 959932377;TEF DE:;10000.0;transfer;CRC;main_crc;406443905;TF;gastos diciembre 2025.xls;Transfers
20251224_406485546_5000.0_gastos diciembre 2025.xls;2025-12-24;TEF DE: 959932377;TEF DE: 959932377;TEF DE:;5000.0;transfer;CRC;main_crc;406485546;TF;gastos diciembre 2025.xls;Transfers
20251225_122400000_-18250.0_gastos diciembre 2025.xls;2025-12-25;BONITA 2\             SAN JOSE;BONITA 2\             SAN JOSE;BONITA 2 SAN JOSE;-18250.0;expense;CRC;main_crc;122400000;CP;gastos diciembre 2025.xls;Shopping
20251225_122400000_-3800.0_gastos diciembre 2025.xls;2025-12-25;SUPER MEGA MAS Y MAS\ HEREDIA;SUPER MEGA MAS Y MAS\ HEREDIA;SUPER MEGA MAS Y MAS HEREDIA;-3800.0;expense;CRC;main_crc;122400000;CP;gastos diciembre 2025.xls;Groceries
20251225_122400000_-4750.0_gastos diciembre 2025.xls;2025-12-25;SUPER MEGA MAS Y MAS\ HEREDIA;SUPER MEGA MAS Y MAS\ HEREDIA;SUPER MEGA MAS Y MAS HEREDIA;-4750.0;expense;CRC;main_crc;122400000;CP;gastos diciembre 2025.xls;Groceries
20251226_122500000_-800.0_gastos diciembre 2025.xls;2025-12-26;TRUEBEAUTY\           SAN JOSE;TRUEBEAUTY\           SAN JOSE;TRUEBEAUTY SAN JOSE;-800.0;expense;CRC;main_crc;122500000;CP;gastos diciembre 2025.xls;Personal Care
20251226_406459213_9500.0_gastos diciembre 2025.xls;2025-12-26;TEF DE: 959932377;TEF DE: 959932377;TEF DE:;9500.0;transfer;CRC;main_crc;406459213;TF;gastos diciembre 2025.xls;Transfers
20251226_406464845_6000.0_gastos diciembre 2025.xls;2025-12-26;TEF DE: 959932377;TEF DE: 959932377;TEF DE:;6000.0;transfer;CRC;main_crc;406464845;TF;gastos diciembre 2025.xls;Transfers
20251227_122600000_-2800.0_gastos diciembre 2025.xls;2025-12-27;AM PM SANTO DOMINGO\  HEREDIA;AM PM SANTO DOMINGO\  HEREDIA;AM PM SANTO DOMINGO HEREDIA;-2800.0;expense;CRC;main_crc;122600000;CP;gastos diciembre 2025.xls;Groceries
20251227_122600000_-3700.0_gastos diciembre 2025.xls;2025-12-27;SUPER MEGA MAS Y MAS\ HEREDIA;SUPER MEGA MAS Y MAS\ HEREDIA;SUPER MEGA MAS Y MAS HEREDIA;-3700.0;expense;CRC;main_crc;122600000;CP;gastos diciembre 2025.xls;Groceries
20251227_122600000_-5500.0_gastos diciembre 2025.xls;2025-12-27;SATAY UNIVERSAL\      SAN JOSE;SATAY UNIVERSAL\      SAN JOSE;SATAY UNIVERSAL SAN JOSE;-5500.0;expense;CRC;main_crc;122600000;CP;gastos diciembre 2025.xls;Dining
20251227_122600000_-5900.0_gastos diciembre 2025.xls;2025-12-27;SUPER MEGA MAS Y MAS\ HEREDIA;SUPER MEGA MAS Y MAS\ HEREDIA;SUPER MEGA MAS Y MAS HEREDIA;-5900.0;expense;CRC;main_crc;122600000;CP;gastos diciembre 2025.xls;Groceries
20251228_122700000_-2470.0_gastos diciembre 2025.xls;2025-12-28;MXM STO DOMING OCN00PVHEREDIA;MXM STO DOMING OCN00PVHEREDIA;MXM STO DOMING OCN00PVHEREDIA;-2470.0;expense;CRC;main_crc;122700000;CP;gastos diciembre 2025.xls;Groceries
20251228_122700000_-9500.0_gastos diciembre 2025.xls;2025-12-28;PIEL DE MIEL\         HEREDIA;PIEL DE MIEL\         HEREDIA;PIEL DE MIEL HEREDIA;-9500.0;expense;CRC;main_crc;122700000;CP;gastos diciembre 2025.xls;Personal Care
20251229_406402114_15000.0_gastos diciembre 2025.xls;2025-12-29;TEF DE: 959932377;TEF DE: 959932377;TEF DE:;15000.0;transfer;CRC;main_crc;406402114;TF;gastos diciembre 2025.xls;Transfers
20251231_123000000_-4200.0_gastos diciembre 2025.xls;2025-12-31;MINISO PLAZA LA CULTURSAN JOSE;MINISO PLAZA LA CULTURSAN JOSE;MINISO PLAZA LA CULTURSAN JOSE;-4200.0;expense;CRC;main_crc;123000000;CP;gastos diciembre 2025.xls;Shopping
20251231_123000000_-4407.0_gastos diciembre 2025.xls;2025-12-31;VIVERO RIO FRIO       SANTO DO;VIVERO RIO FRIO       SANTO DO;VIVERO RIO FRIO SANTO DO;-4407.0;expense;CRC;main_crc;123000000;CP;gastos diciembre 2025.xls;Shopping
20251231_406427158_15000.0_gastos diciembre 2025.xls;2025-12-31;TEF DE: 959932377;TEF DE: 959932377;TEF DE:;15000.0;transfer;CRC;main_crc;406427158;TF;gastos diciembre 2025.xls;Transfers
20260101_123100000_-10290.0_gastos enero 2026.xls;2026-01-01;DUNKIN AVENIDA CENTRALSAN JOSE;DUNKIN AVENIDA CENTRALSAN JOSE;DUNKIN AVENIDA CENTRALSAN JOSE;-10290.0;expense;CRC;main_crc;123100000;CP;gastos enero 2026.xls;Dining
20260101_39932_-1774.5_gastos enero 2026.xls;2026-01-01;SEGURO BELD121489;SEGURO BELD121489;SEGURO BELD121489;-1774.5;expense;CRC;main_crc;39932;TF;gastos enero 2026.xls;Insurance
20260102_10100000_-12250.0_gastos enero 2026.xls;2026-01-02;CENTRO DE ARTICULOS CHSAN JOSE;CENTRO DE ARTICULOS CHSAN JOSE;CENTRO DE ARTICULOS CHSAN JOSE;-12250.0;expense;CRC;main_crc;10100000;CP;gastos enero 2026.xls;Shopping
20260103_10200000_-700.0_gastos enero 2026.xls;2026-01-03;MUNDOVENDING NAYAX   \HEREDIA;MUNDOVENDING NAYAX   \HEREDIA;MUNDOVENDING NAYAX HEREDIA;-700.0;expense;CRC;main_crc;10200000;CP;gastos enero 2026.xls;Dining
20260105_406466451_9900.0_gastos enero 2026.xls;2026-01-05;TEF DE: 959932377;TEF DE: 959932377;TEF DE:;9900.0;transfer;CRC;main_crc;406466451;TF;gastos enero 2026.xls;Transfers
20260107_10600000_-1530.0_gastos enero 2026.xls;2026-01-07;MXM STO DOMING OCN00PVHEREDIA;MXM STO DOMING OCN00PVHEREDIA;MXM STO DOMING OCN00PVHEREDIA;-1530.0;expense;CRC;main_crc;10600000;CP;gastos enero 2026.xls;Groceries
20260107_10600000_-8910.0_gastos enero 2026.xls;2026-01-07;LIBRERIA INTERNACIONALSAN JOSE;LIBRERIA INTERNACIONALSAN JOSE;LIBRERIA INTERNACIONALSAN JOSE;-8910.0;expense;CRC;main_crc;10600000;CP;gastos enero 2026.xls;Education
20260108_406441929_6000.0_gastos enero 2026.xls;2026-01-08;TEF DE: 959932377;TEF DE: 959932377;TEF DE:;6000.0;transfer;CRC;main_crc;406441929;TF;gastos enero 2026.xls;Transfers
20260108_406442437_3000.0_gastos enero 2026.xls;2026-01-08;TEF DE: 959932377;TEF DE: 959932377;TEF DE:;3000.0;transfer;CRC;main_crc;406442437;TF;gastos enero 2026.xls;Transfers
20260108_966509165_-6900.0_gastos enero 2026.xls;2026-01-08;SINPE MOVIL Moyo___________;SINPE MOVIL Moyo___________;SINPE MOVIL MOYO___________;-6900.0;expense;CRC;main_crc;966509165;TF;gastos enero 2026.xls;Dining
20260109_10800000_-3100.0_gastos enero 2026.xls;2026-01-09;GESSA PERI LA GRAN VIASAN JOSE;GESSA PERI LA GRAN VIASAN JOSE;GESSA PERI LA GRAN VIASAN JOSE;-3100.0;expense;CRC;main_crc;10800000;CP;gastos enero 2026.xls;Groceries
20260109_406429718_15000.0_gastos enero 2026.xls;2026-01-09;TEF DE: 959932377;TEF DE: 959932377;TEF DE:;15000.0;transfer;CRC;main_crc;406429718;TF;gastos enero 2026.xls;Transfers
20260109_406464715_50000.0_gastos enero 2026.xls;2026-01-09;TEF DE: 959932377;TEF DE: 959932377;TEF DE:;50000.0;transfer;CRC;main_crc;406464715;TF;gastos enero 2026.xls;Transfers
20260109_966480984_-10000.0_gastos enero 2026.xls;2026-01-09;SINPE MOVIL Mermeladas_____;SINPE MOVIL Mermeladas_____;SINPE MOVIL MERMELADAS_____;-10000.0;expense;CRC;main_crc;966480984;TF;gastos enero 2026.xls;Groceries
20260112_11100000_-12900.0_gastos enero 2026.xls;2026-01-12;H&M\                  SAN JOSE;H&M\                  SAN JOSE;H&M SAN JOSE;-12900.0;expense;CRC;main_crc;11100000;CP;gastos enero 2026.xls;Shopping
20260112_11100000_-2620.0_gastos enero 2026.xls;2026-01-12;AM PM LAGUNILLA\      HEREDIA;AM PM LAGUNILLA\      HEREDIA;AM PM LAGUNILLA HEREDIA;-2620.0;expense;CRC;main_crc;11100000;CP;gastos enero 2026.xls;Groceries
20260112_11100000_-9225.0_gastos enero 2026.xls;2026-01-12;BATH & BODY WORKS\    SAN JOSE;BATH & BODY WORKS\    SAN JOSE;BATH & BODY WORKS SAN JOSE;-9225.0;expense;CRC;main_crc;11100000;CP;gastos enero 2026.xls;Personal Care
20260112_11100000_-9700.0_gastos enero 2026.xls;2026-01-12;PIZZA HUT MULTIPLAZA EESCAZU;PIZZA HUT MULTIPLAZA EESCAZU;PIZZA HUT MULTIPLAZA EESCAZU;-9700.0;expense;CRC;main_crc;11100000;CP;gastos enero 2026.xls;Dining
20260112_966538815_-2790.0_gastos enero 2026.xls;2026-01-12;SINPE MOVIL Uber___________;SINPE MOVIL Uber___________;SINPE MOVIL UBER___________;-2790.0;expense;CRC;main_crc;966538815;TF;gastos enero 2026.xls;Transport
20260113_406477915_10000.0_gastos enero 2026.xls;2026-01-13;TEF DE: 959932377;TEF DE: 959932377;TEF DE:;10000.0;transfer;CRC;main_crc;406477915;TF;gastos enero 2026.xls;Transfers
20260114_11300000_-7255.0_gastos enero 2026.xls;2026-01-14;MEDISMART             TIBAS;MEDISMART             TIBAS;MEDISMART TIBAS;-7255.0;expense;CRC;main_crc;11300000;CP;gastos enero 2026.xls;Health
20260114_966509372_-2880.0_gastos enero 2026.xls;2026-01-14;SINPE MOVIL Didi___________;SINPE MOVIL Didi___________;SINPE MOVIL DIDI___________;-2880.0;expense;CRC;main_crc;966509372;TF;gastos enero 2026.xls;Transport
20260114_966546818_50000.0_gastos enero 2026.xls;2026-01-14;SINPE_Móvil_Sin_Descripcion;SINPE_Móvil_Sin_Descripcion;SINPE_MÓVIL_SIN_DESCRIPCION;50000.0;transfer;CRC;main_crc;966546818;TF;gastos enero 2026.xls;Transfers
20260115_11400000_-15071.73_gastos enero 2026.xls;2026-01-15;WEBCHECKOUT NAVIERA T\SAN JOSE;WEBCHECKOUT NAVIERA T\SAN JOSE;WEBCHECKOUT NAVIERA T SAN JOSE;-15071.73;expense;CRC;main_crc;11400000;CP;gastos enero 2026.xls;Travel
20260117_11600000_-810.0_gastos enero 2026.xls;2026-01-17;NAVIERA TAMBOR       \PUNTAREN;NAVIERA TAMBOR       \PUNTAREN;NAVIERA TAMBOR PUNTAREN;-810.0;expense;CRC;main_crc;11600000;CP;gastos enero 2026.xls;Travel
20260117_11600000_-9600.0_gastos enero 2026.xls;2026-01-17;SODA FERRY TAMBOR 4 (1PUNTAREN;SODA FERRY TAMBOR 4 (1PUNTAREN;SODA FERRY TAMBOR 4 (1PUNTAREN;-9600.0;expense;CRC;main_crc;11600000;CP;gastos enero 2026.xls;Travel
20260117_966443222_-10000.0_gastos enero 2026.xls;2026-01-17;SINPE MOVIL Fotos__________;SINPE MOVIL Fotos__________;SINPE MOVIL FOTOS__________;-10000.0;expense;CRC;main_crc;966443222;TF;gastos enero 2026.xls;Shopping
20260118_11700000_-1220.0_gastos enero 2026.xls;2026-01-18;PALI PAQUERA VCN00PV\ PUNTAREN;PALI PAQUERA VCN00PV\ PUNTAREN;PALI PAQUERA VCN00PV PUNTAREN;-1220.0;expense;CRC;main_crc;11700000;CP;gastos enero 2026.xls;Groceries
20260118_966839942_-1900.0_gastos enero 2026.xls;2026-01-18;SINPE MOVIL Uber___________;SINPE MOVIL Uber___________;SINPE MOVIL UBER___________;-1900.0;expense;CRC;main_crc;966839942;TF;gastos enero 2026.xls;Transport
20260119_11800000_-15973.26_gastos enero 2026.xls;2026-01-19;WEBCHECKOUT NAVIERA T\SAN JOSE;WEBCHECKOUT NAVIERA T\SAN JOSE;WEBCHECKOUT NAVIERA T SAN JOSE;-15973.26;expense;CRC;main_crc;11800000;CP;gastos enero 2026.xls;Travel
20260120_11900000_-1340.0_gastos enero 2026.xls;2026-01-20;PALI PAQUERA VCN00PV\ PUNTAREN;PALI PAQUERA VCN00PV\ PUNTAREN;PALI PAQUERA VCN00PV PUNTAREN;-1340.0;expense;CRC;main_crc;11900000;CP;gastos enero 2026.xls;Groceries
20260120_11900000_-3100.0_gastos enero 2026.xls;2026-01-20;TIENDA TO GO FERRY TAMPUNTAREN;TIENDA TO GO FERRY TAMPUNTAREN;TIENDA TO GO FERRY TAMPUNTAREN;-3100.0;expense;CRC;main_crc;11900000;CP;gastos enero 2026.xls;Travel
20260120_958481963_-1000.0_gastos enero 2026.xls;2026-01-20;SINPE MOVIL Limones________;SINPE MOVIL Limones________;SINPE MOVIL LIMONES________;-1000.0;expense;CRC;main_crc;958481963;TS;gastos enero 2026.xls;Groceries
20260121_12000000_-400.0_gastos enero 2026.xls;2026-01-21;MUNDOVENDING NAYAX   \HEREDIA;MUNDOVENDING NAYAX   \HEREDIA;MUNDOVENDING NAYAX HEREDIA;-400.0;expense;CRC;main_crc;12000000;CP;gastos enero 2026.xls;Dining
20260121_12000000_-6225.0_gastos enero 2026.xls;2026-01-21;POPS LAGUNILLA HEREDIAHEREDIA;POPS LAGUNILLA HEREDIAHEREDIA;POPS LAGUNILLA HEREDIAHEREDIA;-6225.0;expense;CRC;main_crc;12000000;CP;gastos enero 2026.xls;Dining
20260121_406415396_2000.0_gastos enero 2026.xls;2026-01-21;TEF DE: 959932377;TEF DE: 959932377;TEF DE:;2000.0;transfer;CRC;main_crc;406415396;TF;gastos enero 2026.xls;Transfers
20260122_12100000_-1710.0_gastos enero 2026.xls;2026-01-22;SUPER MEGA MAS Y MAS\ HEREDIA;SUPER MEGA MAS Y MAS\ HEREDIA;SUPER MEGA MAS Y MAS HEREDIA;-1710.0;expense;CRC;main_crc;12100000;CP;gastos enero 2026.xls;Groceries
20260122_406491576_5000.0_gastos enero 2026.xls;2026-01-22;TEF DE: 959932377;TEF DE: 959932377;TEF DE:;5000.0;transfer;CRC;main_crc;406491576;TF;gastos enero 2026.xls;Transfers
20260123_406495765_10850.0_gastos enero 2026.xls;2026-01-23;TEF DE: 959932377;TEF DE: 959932377;TEF DE:;10850.0;transfer;CRC;main_crc;406495765;TF;gastos enero 2026.xls;Transfers
20260123_406496249_25000.0_gastos enero 2026.xls;2026-01-23;TEF DE: 959932377;TEF DE: 959932377;TEF DE:;25000.0;transfer;CRC;main_crc;406496249;TF;gastos enero 2026.xls;Transfers
20260123_406497777_2500.0_gastos enero 2026.xls;2026-01-23;TEF DE: 959932377;TEF DE: 959932377;TEF DE:;2500.0;transfer;CRC;main_crc;406497777;TF;gastos enero 2026.xls;Transfers
20260123_966484811_-5000.0_gastos enero 2026.xls;2026-01-23;SINPE MOVIL Sushi__________;SINPE MOVIL Sushi__________;SINPE MOVIL SUSHI__________;-5000.0;expense;CRC;main_crc;966484811;TF;gastos enero 2026.xls;Groceries
20260123_966557234_5000.0_gastos enero 2026.xls;2026-01-23;SINPE_Móvil_Gas____________;SINPE_Móvil_Gas____________;SINPE_MÓVIL_GAS____________;5000.0;income;CRC;main_crc;966557234;TF;gastos enero 2026.xls;Transport
20260124_12300000_-1344.0_gastos enero 2026.xls;2026-01-24;AMPM BANCO CENTRAL\   SAN JOSE;AMPM BANCO CENTRAL\   SAN JOSE;AMPM BANCO CENTRAL SAN JOSE;-1344.0;expense;CRC;main_crc;12300000;CP;gastos enero 2026.xls;Groceries
20260124_12300000_-440.0_gastos enero 2026.xls;2026-01-24;SINPE TP\             SAN JOSE;SINPE TP\             SAN JOSE;SINPE TP SAN JOSE;-440.0;expense;CRC;main_crc;12300000;CP;gastos enero 2026.xls;Transport
20260124_406439275_10000.0_gastos enero 2026.xls;2026-01-24;TEF DE: 959932377;TEF DE: 959932377;TEF DE:;10000.0;transfer;CRC;main_crc;406439275;TF;gastos enero 2026.xls;Transfers
20260125_12400000_-10000.0_gastos enero 2026.xls;2026-01-25;SERVICENTRO RUTA 20  \SANTO DO;SERVICENTRO RUTA 20  \SANTO DO;SERVICENTRO RUTA 20 SANTO DO;-10000.0;expense;CRC;main_crc;12400000;CP;gastos enero 2026.xls;Transport
20260125_12400000_-3850.0_gastos enero 2026.xls;2026-01-25;COCINA MAMA\          CARMEN;COCINA MAMA\          CARMEN;COCINA MAMA CARMEN;-3850.0;expense;CRC;main_crc;12400000;CP;gastos enero 2026.xls;Dining
20260125_406488456_12000.0_gastos enero 2026.xls;2026-01-25;TEF DE: 959932377;TEF DE: 959932377;TEF DE:;12000.0;transfer;CRC;main_crc;406488456;TF;gastos enero 2026.xls;Transfers
20260126_12500000_-10850.0_gastos enero 2026.xls;2026-01-26;LIBRERIA INTERNACIONALSAN JOSE;LIBRERIA INTERNACIONALSAN JOSE;LIBRERIA INTERNACIONALSAN JOSE;-10850.0;expense;CRC;main_crc;12500000;CP;gastos enero 2026.xls;Education
20260126_12500000_-17100.0_gastos enero 2026.xls;2026-01-26;MXM STO DOMING OCN00PVHEREDIA;MXM STO DOMING OCN00PVHEREDIA;MXM STO DOMING OCN00PVHEREDIA;-17100.0;expense;CRC;main_crc;12500000;CP;gastos enero 2026.xls;Groceries
20260126_12500000_-3500.0_gastos enero 2026.xls;2026-01-26;BURGER KING CURRIDABATCURRIDAB;BURGER KING CURRIDABATCURRIDAB;BURGER KING CURRIDABATCURRIDAB;-3500.0;expense;CRC;main_crc;12500000;CP;gastos enero 2026.xls;Dining
20260127_12600000_-9900.0_gastos enero 2026.xls;2026-01-27;SUBWAY SANTO DOMINGO\ HEREDIA;SUBWAY SANTO DOMINGO\ HEREDIA;SUBWAY SANTO DOMINGO HEREDIA;-9900.0;expense;CRC;main_crc;12600000;CP;gastos enero 2026.xls;Dining
20260127_12600000_-9995.0_gastos enero 2026.xls;2026-01-27;PRICE SMART\          HEREDIA;PRICE SMART\          HEREDIA;PRICE SMART HEREDIA;-9995.0;expense;CRC;main_crc;12600000;CP;gastos enero 2026.xls;Groceries
20260128_406416063_2000.0_gastos enero 2026.xls;2026-01-28;TEF DE: 959932377;TEF DE: 959932377;TEF DE:;2000.0;transfer;CRC;main_crc;406416063;TF;gastos enero 2026.xls;Transfers
20260129_406415997_4000.0_gastos enero 2026.xls;2026-01-29;TEF DE: 959932377;TEF DE: 959932377;TEF DE:;4000.0;transfer;CRC;main_crc;406415997;TF;gastos enero 2026.xls;Transfers
20260130_12900000_-2200.0_gastos enero 2026.xls;2026-01-30;COSECHAS CORREO CR   \SAN JOSE;COSECHAS CORREO CR   \SAN JOSE;COSECHAS CORREO CR SAN JOSE;-2200.0;expense;CRC;main_crc;12900000;CP;gastos enero 2026.xls;Dining
20260130_12900000_-440.0_gastos enero 2026.xls;2026-01-30;SINPE TP\             SAN JOSE;SINPE TP\             SAN JOSE;SINPE TP SAN JOSE;-440.0;expense;CRC;main_crc;12900000;CP;gastos enero 2026.xls;Transport
20260130_406403081_5000.0_gastos enero 2026.xls;2026-01-30;TEF DE: 959932377;TEF DE: 959932377;TEF DE:;5000.0;transfer;CRC;main_crc;406403081;TF;gastos enero 2026.xls;Transfers
20260131_13023841_-4320.0_gastos enero 2026.xls;2026-01-31;PEDIDOS YA RESTAURANTE CYBS EC;PEDIDOS YA RESTAURANTE CYBS EC;PEDIDOS YA RESTAURANTE CYBS EC;-4320.0;expense;CRC;main_crc;13023841;CP;gastos enero 2026.xls;Dining
20260131_966527159_-3050.0_gastos enero 2026.xls;2026-01-31;SINPE MOVIL Didi___________;SINPE MOVIL Didi___________;SINPE MOVIL DIDI___________;-3050.0;expense;CRC;main_crc;966527159;TF;gastos enero 2026.xls;Transport
